Lser-Atta1,1.682737865,2.11937528,0.799062348,0.69862711,2.947770807,11.50125785,1.66967079,2.846870151,5.152467577,3.007476964,3.344400113,5.412720868,0.263049318,0.376067185,1.051093387,0.670424261,1.833367378,1.839117665,1.051684233,1.047273824,5.147522174,0.378756459,6.781353482,0.854579881,0.583249965,1.128440668,0.37284491,0.56637675,0.755094909,2.237022415,0.393231773,0.353263977,0.961094571,0.420970919,1.086091864,1.891575149,0.916664432,0.690640577,0.445184638,0.800276682,0.757865469,0.963793845,1.16784417,1.785132125,2.181696233,1.435931762,0.546107412,0.473026324,2.380315426,1.414392481,0.497945527,0.458402022,1.699657009,1.019490206,2.027647994,1.738622455,1.829687095,3.873314064,1.066187735,1.189789654,0.319997918,1.184873011,1.121172136,2.98125452,3.118557302,4.662340889,2.701744314,0.895938646,1.728282034,1.951033422,1.972008277,2.798750739
Lser-Atta2,9.255058257,47.76745823,38.67461766,6.811614326,7.369427018,62.32076928,10.66020581,14.83369184,521.3084843,38.5332986,191.7456065,30.13081283,1.18372193,1.754980195,3.810213527,2.949866746,53.32043458,18.78527329,33.78535598,26.53093688,353.1864408,15.02400622,350.6171667,11.00271596,4.082749755,1.551605919,0.124281637,1.246028849,3.272077937,10.12546988,15.23773122,5.416714308,6.086932285,0.841941838,28.08323249,19.62509217,0.802081378,2.861225248,0.333888479,3.067727282,29.2536071,11.42784131,32.55365624,11.26864654,145.238635,2.871863525,32.8756662,2.601644783,29.62170308,8.132756764,14.24124206,4.698620726,26.25025825,2.650674535,25.75112953,9.065674228,41.37907739,17.42991329,5.197665209,27.36516203,1.066659726,269.7955845,2.578695913,9.851101891,189.6379845,25.93427119,103.4768072,24.95829086,13.36538106,134.5065395,7.888033106,145.0261747
Lser-Atta3,0.631026699,0,0.479437409,0.873283888,1.326496863,6.820513376,1.155925931,1.048846898,13.79042793,4.511215445,5.733257336,3.067208492,0,0.626778641,0.919706713,0.670424261,1.833367378,1.182289927,1.314605291,3.95636778,5.977767686,1.515025837,6.675394834,2.350094671,0.583249965,1.128440668,0.248563273,0.4531014,0.503396606,0.706428131,0.491539717,0.117754659,0.640729714,1.052427297,1.086091864,2.364468936,0.343749162,0.493314698,0.445184638,0.266758894,1.21258475,1.92758769,1.459805212,1.896702883,2.493367124,0.331368868,1.638322236,2.601644783,0.396719238,0.70719624,0.099589105,0.114600506,0.472126947,0.101949021,1.926265595,0.248374636,2.674158062,2.42082129,0.533093868,4.878137579,0.213331945,0.592436505,0.224234427,0.129619762,2.376043659,3.642453819,1.215784941,0.895938646,2.765251254,2.869166797,2.698537642,4.325342052
Lser-Sarco1,130.832869,150.9647315,145.5891599,153.6979643,140.461279,168.3730655,138.4542393,131.4055328,251.1070228,122.1787516,168.1755485,140.0090465,124.0277533,133.3784948,134.8027269,117.1901607,151.8639311,126.7677533,134.3526607,121.7164911,207.3953289,120.8233105,176.2092319,126.3709998,101.1938689,111.433516,113.8419791,114.0682774,109.2370634,123.3894469,125.8341675,125.290957,119.6562741,104.6112733,125.6763443,120.9425861,109.7705658,123.0326857,109.4041248,124.1762652,126.5635333,128.4599511,134.156099,123.0625459,143.8880611,110.4562894,125.9323692,111.1611862,143.4801243,123.8772081,141.5161186,119.0699252,140.6938302,140.7915974,145.3823612,138.9656091,122.4482902,127.8193641,133.1401934,129.6870722,119.0392255,185.9065754,127.4772719,135.7118905,176.4212417,134.479395,145.0836696,117.6239451,129.0450585,150.9181735,130.6714958,139.0470254
Lser-Sarco2,0.210342233,0.326057735,1.598124697,0,0.14738854,5.483157812,0.642181073,0.299670542,49.25152831,0.939836551,5.892514484,0.541272087,0.131524659,0.125355728,0.39416002,1.474933373,8.708495045,2.62731095,5.258421164,5.469096637,51.47522174,4.545077511,34.96635389,1.709159761,0,0,0,0.11327535,0.377547454,0.470952087,1.76954298,0.706527953,0.160182429,0.631456378,1.706715787,1.773351702,0.343749162,1.479944094,0,0.800276682,3.940900438,1.239163515,4.963337722,6.024820923,26.90758688,0.331368868,3.385865954,0,0.793438475,0,0.497945527,0.114600506,0.188850779,0.407796082,0.709676798,0.496749273,1.266706451,0.242082129,0.133273467,0.237957931,0.106665973,42.06299188,0.112117214,2.98125452,32.07658939,3.351057514,21.47886729,4.735675701,0.806531616,9.181333752,1.245478912,17.81023198
Lser-AFP,12.19984952,65.21154707,104.1977302,4.017105885,3.389936428,9.227753391,5.779629657,21.72611431,63.34504257,18.60876371,6.21102878,32.83717327,2.104394541,16.54695612,23.38682786,20.91723693,7.791811356,5.385987447,22.74267154,8.843645625,30.22093663,5.933851194,201.8512247,16.34384021,6.99899958,6.065368593,2.237069459,4.757564698,5.28566436,53.09984785,73.92757339,10.36240998,10.57204029,7.366991081,32.27244397,15.13260119,2.406244135,12.03687863,3.450180945,41.21424914,7.578654689,22.85568261,85.54458544,77.87638897,34.07601736,17.67300631,5.461074119,8.159704094,113.8584212,18.38710225,23.80179617,28.76472688,13.59725607,2.752623556,13.58524156,10.18336009,25.47487417,9.92536729,2.398922404,3.688347926,8.853275728,118.842763,9.529963157,120.5463784,18.71134381,66.14696136,27.28761757,20.99056257,10.02403579,130.1454059,10.27520102,9.032331932
Lser-PCecL1,0.841368932,3.749663957,0.799062348,9.43146599,2.947770807,6.68677782,0.256872429,4.944563946,0.303086328,2.631542343,4.618457298,7.216961158,1.052197271,7.897410878,1.708026753,3.352121303,3.055612297,3.021407592,0.788763175,6.632734219,6.143816788,5.807599041,0.529793241,20.18944968,9.915249406,8.32224993,4.225575645,6.569970297,5.914910117,4.003092742,6.390016317,9.42037271,12.17386457,4.630680108,18.77387366,5.792948894,3.208325513,13.2208339,1.780738552,6.535592906,2.122023313,13.08005933,2.043727297,2.677698188,1.038902968,8.173765416,5.133409672,3.665954013,2.777034664,14.73325501,3.286440475,4.469419715,0.472126947,3.262368659,4.055295988,1.241873182,10.27439677,3.268108742,7.063493745,1.427747584,5.333298631,2.488233322,8.857259875,0.77771857,1.188021829,7.722002097,1.350872157,2.687815938,0.576094011,3.328233485,1.349268821,0.636079714
Lser-PCecL5,0.210342233,0,0.15981247,0.174656778,0.14738854,0.668677782,0,0,0,0.18796731,0.318514296,0.360848058,0.394573977,1.253557282,0,0,0.30556123,0.262731095,0,0.930910066,0.166049102,0.378756459,0,1.815982246,0.291624983,0.423165251,0.124281637,0,0.125849151,0.470952087,0.196615887,1.177546589,0.320364857,1.262912757,0.465467942,0.118223447,0.57291527,0.690640577,0.11129616,0.800276682,0,1.239163515,0.583922085,0.223141516,0.103890297,0.220912579,0.982993341,0.473026324,0,0.94292832,0.398356421,0.343801517,0,0.407796082,0.405529599,0.248374636,0.422235484,0.121041065,0.666367334,0.118978965,0.426663891,0,0.560586068,0.129619762,0.148502729,0.291396306,0.270174431,0,0.345656407,0.114766672,0.207579819,0.508863771
Lser-PCecL4,15.14464078,1.467259809,14.06349733,13.09925832,17.24445922,40.92308026,14.25641982,9.289786808,6.970985546,17.29299254,12.89982901,36.8065019,18.01887826,23.31616545,9.985387174,12.20172154,15.88918394,20.88712205,14.72357926,58.99642542,14.2802228,21.96787463,20.2381018,25.7442189,28.14181081,9.309635515,11.5581922,8.722201946,11.45227278,28.0216492,11.20710554,16.25014292,10.57204029,11.78718573,20.0151215,7.448077149,13.74996648,12.62885627,7.568138848,15.47201586,15.00573628,9.36256878,14.4520716,13.27692018,5.090624545,8.173765416,6.771731908,14.42730289,9.256782213,9.429283205,3.18685137,7.449032858,3.304888629,7.850074586,5.170502385,1.862809773,5.348316125,3.994355129,4.664571341,4.045284822,6.399958358,4.976466645,3.475633622,4.407071899,4.158076403,12.38434299,3.782442039,6.271570523,4.032658078,4.82020022,5.397075283,2.798750739
Lser-PCecL3,2.524106797,0,0.799062348,1.571910998,1.031719783,2.674711128,1.284362146,0.599341084,0.454629492,0.939836551,1.433314334,1.804240289,3.288116471,0.501422913,4.204373547,2.681697042,3.361173526,4.466428615,2.366289524,2.909093956,4.649374867,1.010017225,2.437048908,2.456917156,2.478812351,2.256881337,2.485632732,1.585854899,1.510189817,2.119284393,1.867850923,1.177546589,1.281459429,2.315340054,0.310311961,1.536904808,1.14583054,0.887966456,0.333888479,3.467865623,1.364157844,0.963793845,0.583922085,0.780995305,1.350573859,0.773194026,0.43688593,0.709539486,6.611987295,1.885856641,7.170415582,3.32341466,0.849828505,1.73313335,2.635942392,0.869311227,3.096393546,1.452492774,3.465110139,4.997116545,4.159972932,5.450415849,0.896937709,3.499733567,6.385617333,11.80155037,1.756133804,3.199780879,4.839189694,3.787300173,0.934109184,1.526591312
Lser-PCecL2,0.210342233,0.978173206,2.077562106,1.746567776,0.736942702,6.820513376,2.183415648,2.247529067,0.909258984,1.127803861,2.070342927,5.05187281,2.2359192,1.754980195,3.15328016,1.743103077,2.444489837,1.182289927,0.920223704,5.23636912,8.136406017,1.388773684,2.119172963,5.127479283,1.16649993,0.846330501,0.37284491,0.4531014,0.125849151,0.353214066,1.278003263,2.472847836,0.480547286,0.631456378,0.155155981,0.35467034,0.114583054,1.578607033,0.445184638,0.800276682,1.061011656,2.065272525,0.291961042,0.892566063,0.519451484,0.552281447,0.109221482,0.591282905,3.834952631,1.414392481,3.386029581,2.177409605,0.188850779,0.611694124,3.751148789,0.620936591,2.533412901,0.605205323,2.265648937,3.688347926,4.373304878,0.829411107,1.23328935,2.203535949,10.09818555,6.993511333,0.810523294,2.303842233,2.765251254,1.377200063,0.518949546,1.144943484
Lser-Cec3,3.786160196,13.69442489,25.88962008,12.92460154,6.632484316,13.64102675,9.118971236,10.63830425,94.10830487,9.210398201,30.25885816,13.35137814,1.578295906,4.136739031,3.678826854,2.54761219,32.23670973,8.276029492,10.12246074,5.003641604,38.02524445,4.418825358,39.20469982,7.58439644,5.395062177,3.244266922,4.971265464,3.511535848,6.544155874,16.01237097,9.240946674,4.239167719,4.004560714,4.209709189,8.843890896,8.984981957,2.406244135,3.058551127,3.227588626,3.734624518,8.488093251,8.949514275,8.32088971,5.243825618,12.36294532,4.086882708,6.007181531,3.074671108,17.5878862,6.246900123,4.282331528,9.626442462,6.420926479,4.893552989,10.64515197,9.189861546,5.91129677,2.541862355,3.065289739,4.402221718,2.773315288,31.63610938,1.345406563,3.629353328,27.32450207,20.25204323,14.85959373,7.93545658,12.09797423,24.21576777,6.538764286,16.15642472
Lser-Cec4,1.051711166,1.141202074,1.917749636,0.523970333,0.294777081,1.203620008,0.642181073,0.749176356,6.516356054,0.939836551,2.388857223,0.541272087,0,0.125355728,0.39416002,0.402254556,2.291709222,0.788193285,0.657302646,0.581818791,5.147522174,0.252504306,3.178759445,0.534112425,0,0.141055084,0,0,0,1.177380218,0.098307943,0.235509318,0,0.210485459,0.155155981,2.364468936,0,0,0,0.133379447,0.757865469,0.55073934,0.729902606,0.446283031,1.870025343,0,0.655328894,0.236513162,1.454637205,0.11786604,0.497945527,0.573002528,0.472126947,0.101949021,0.912441597,0.248374636,0.562980645,0,0,0.118978965,0.106665973,3.910080935,0.112117214,0.518479047,2.079038201,1.019887069,1.756133804,1.279912352,2.07393844,1.606733407,1.141689002,1.272159427
Lser-Cec5,0.210342233,0.815144338,3.835499272,0.174656778,0,1.337355564,0.513744858,0.599341084,15.1543164,0.751869241,3.025885816,0.902120145,0.263049318,0.250711456,0.262773347,0.134084852,1.527806148,0.262731095,0.920223704,1.280001341,7.804307812,0.757512918,5.403891056,0.21364497,0.437437474,0,0,0,0,1.883808349,0.688155603,0.235509318,0.160182429,0.210485459,0.465467942,0.945787574,0.114583054,0,0,0,0.303146188,0.963793845,1.021863649,0.446283031,1.454464156,0.441825158,0.327664447,0,0.793438475,0.11786604,0.099589105,0.229201011,0.283276168,0.203898041,0.709676798,0,0.422235484,0,0,0.237957931,0.106665973,9.005034881,0,0,2.376043659,1.165585222,0.675436078,0.25598247,0.460875209,6.08263361,0.311369728,0.636079714
Lser-Cec6,0.210342233,6.032068104,3.835499272,1.222597443,0.736942702,10.69884451,0.256872429,0.449505813,9.698762499,5.451051997,22.7737722,13.53180217,0,0.125355728,0,0.134084852,0.916683689,0.394096642,0.525842116,0.116363758,0.830245512,0,4.874097815,2.456917156,1.020687439,0.141055084,0,0.11327535,0,0.117738022,0.58984766,0.471018635,0.640729714,0.420970919,3.413431574,0.118223447,0,0.09866294,0.11129616,0.133379447,0,0.27536967,0.145980521,0,0.727232078,0.220912579,0.109221482,0.236513162,0.925678221,1.060794361,4.282331528,0.458402022,11.33104673,0.509745103,1.419353596,1.3660605,6.896512898,5.08372471,0.399820401,6.067927233,0.106665973,0.118487301,0.112117214,0.129619762,0.148502729,0.582792611,0.405261647,0.25598247,0.691312813,0.688600031,0.830319274,1.272159427
Lser-Cec1,0,0,0.319624939,0.174656778,0.294777081,0.802413338,0.128436215,0,0.75771582,0,0.477771445,0.360848058,0,0,0,0,0.458341844,0,0.131460529,0,0,0.126252153,0.105958648,0.106822485,0,0,0,0.11327535,0,0,0.098307943,0,0.320364857,0,0.155155981,0.118223447,0,0,0,0,0,0,0.291961042,0,0.103890297,0,0,0.118256581,0.132239746,0,0.099589105,0,0,0.101949021,0,0,0,0,0,0.118978965,0,0.118487301,0,0,0.148502729,0,0,0,0,0,0,0
Lser-Cec2,0,0.326057735,0.15981247,0.349313555,0.294777081,2.808446684,0.385308644,0.299670542,3.637035937,0.18796731,10.19245749,1.62381626,0,0,0,0,0.30556123,0.262731095,0,0.116363758,0.830245512,0,3.284718093,2.991029582,0.145812491,0,0,0,0,0,0,0,0,0,0,0,0,0,0,0,0.151573094,0.137684835,0.145980521,0,0.207780594,0.110456289,0,0,0.132239746,0,0.597534632,0,1.227530062,0,0,0.124187318,0.703725806,1.452492774,0.133273467,1.665705515,0,0,0,0,0,0.437094458,0,0,0.230437604,1.491966735,0.311369728,0
Lser-Cec7,0,0,0,0,0.14738854,0,0,0,0,0.18796731,0.318514296,0,0,0,0,0,0,0,0,0,0.332098205,0,0.105958648,0,0,0,0,0,0,0,0,0,0.160182429,0,0,0,0.114583054,0,0,0,0.303146188,0,0,0,0,0,0,0,0,0.11786604,0.199178211,0,0.283276168,0,0.1013824,0,0,0.121041065,0,0,0,0,0,0,0,0,0,0,0.115218802,0,0,0
Lser-Cec8,0,0.326057735,0.958874818,2.270538109,0,2.942182241,0.513744858,0,2.879320117,2.631542343,4.140685854,7.216961158,1.18372193,0.626778641,0.131386673,0.268169704,0.30556123,0.394096642,0,0.349091275,0.498147307,0.631260765,1.483421074,1.602337276,0,0,0.124281637,0.2265507,0.125849151,0.353214066,0.786463547,0.824282612,0.640729714,0,5.585615303,0.236446894,0.343749162,1.282618214,0.445184638,0.266758894,0.303146188,0.82610901,0.729902606,1.004136821,0.935012671,0.331368868,0,0.709539486,1.057917967,0.70719624,0.597534632,0.229201011,1.416380841,0,0.304147199,0,1.407451612,1.452492774,0.133273467,0.951831723,0.319997918,0.947898409,0.224234427,0.518479047,2.376043659,0.582792611,0.405261647,0.25598247,0.460875209,0.573833359,1.245478912,0.254431885
Lser-Def3b,0.210342233,0.163028868,0.639249879,0.174656778,0.294777081,3.34338891,1.284362146,1.498352711,18.79135234,0,6.370285929,0.360848058,0.263049318,0.376067185,1.708026753,0.536339408,4.43063783,5.2546219,6.047184339,5.701824153,40.18388278,7.575129184,21.93344017,1.281869821,0.437437474,0,0.124281637,0.2265507,0.377547454,1.530594284,0.58984766,0.588773294,0.480547286,0.420970919,0.620623923,1.064011021,0.687498324,1.381281154,0.11129616,0.666897235,6.214496845,0.82610901,11.09451961,3.570264251,12.77850651,0.441825158,7.973168214,0.354769743,0.396719238,0,0.398356421,0.343801517,0.094425389,0.407796082,0.608294398,0.620936591,0.422235484,0.121041065,0.399820401,0.237957931,0.213331945,6.990750763,0.560586068,0.907338332,16.63230561,5.2451335,16.61572753,4.607684466,0.691312813,4.016833516,0.830319274,33.58500887
Lser-Def1,0,0,0,0,0,0,0,0,0,0,0,0,0,0,0,0.134084852,0.152780615,0,0,0,0.166049102,0,0.211917296,0.106822485,0,0,0,0,0,0,0,0.117754659,0.160182429,0,0,0,0.114583054,0.197325879,0,0,0,0,0,0,0,0,0.109221482,0,0,0,0,0,0.188850779,0.101949021,0.1013824,0.124187318,0,0.242082129,0,0,0.213331945,0,0.112117214,0,0,0,0,0.127991235,0.230437604,0,0,0.127215943
Lser-Def2,20.19285438,40.43115919,44.26805409,92.39343535,23.28738938,34.10256688,42.76925946,27.12018407,85.16725819,31.01460619,61.63251636,67.11773877,20.25479746,31.9657107,32.97805501,38.48235256,39.41739863,36.38825666,48.37747471,23.50547916,74.55604697,36.61312439,119.3094378,50.63385792,20.12212379,18.19610578,14.54095148,15.63199829,18.24812696,32.26021798,24.57698584,26.73030756,16.65897257,15.15495308,37.70290329,56.74725447,14.66663092,27.03364544,27.60144756,18.67312259,29.40518019,29.18918502,21.89707819,31.46295371,47.99731714,24.30038367,21.84429648,19.51233588,40.3331225,9.547149245,8.863430373,8.595037913,10.19794206,10.50074912,14.09215356,18.87647236,11.68184838,10.53057261,19.59119963,22.84396135,21.11986258,45.14366171,9.529963157,20.22068283,57.76756145,54.05401468,44.71386839,27.64610679,23.04376045,51.75976903,23.66409932,53.81234376
Lser-Def4,0.210342233,0,1.118687288,0,0.14738854,0.534942226,0,0.299670542,8.183330858,0.18796731,1.114800038,2.886784463,0.131524659,0,0.39416002,0,0.152780615,0.131365547,0,0.232727516,4.981473071,0.378756459,2.437048908,0.854579881,1.020687439,0.705275418,0.621408183,0.11327535,0.629245757,0.941904175,1.47461915,0.588773294,1.601824286,0.420970919,5.585615303,0.236446894,0.114583054,0.09866294,0.667776957,0.133379447,0.151573094,0,0.437941564,0,1.97391564,0.110456289,0.327664447,0.118256581,0.132239746,0.23573208,0,0.229201011,0,0,0.202764799,0.372561955,0.140745161,0.242082129,0,0,0.319997918,12.79662851,0.112117214,0.388859285,1.188021829,0.874188917,1.080697725,0.767947411,0.115218802,5.049733563,0.415159637,0.127215943
Lser-Def5,0,0.163028868,0.479437409,0,0,0,0,0.149835271,5.910183398,0,1.274057186,0.360848058,0,0,0,0,0.30556123,0.262731095,0.131460529,0,1.328392819,0.126252153,2.013214315,0.106822485,0,0,0,0,0,0.117738022,0.196615887,0,0,0,1.086091864,0,0,0,0,0,0,0.137684835,0.291961042,0.669424547,0.519451484,0,0,0,0,0,0,0,0,0,0,0,0,0,0,0.118978965,0,5.331928548,0,0.129619762,0,0.145698153,0,0.25598247,0,3.443000157,0.103789909,0.254431885
Lser-Def6,6.520609227,2.771490751,7.191561135,0,0.884331242,3.610860023,0.513744858,0.899011627,25.61079472,1.503738482,7.325828818,0.902120145,0.657623294,4.262094759,0.39416002,0.938593965,1.222244919,1.313655475,0,8.727281867,23.74502164,2.398790908,12.29120319,3.845609462,1.458124913,0,0,0.11327535,0.629245757,9.301303725,3.735701847,3.061621131,0.640729714,0,5.895927264,1.655128255,0,0.986629396,0,6.668972353,1.061011656,1.92758769,2.481668861,3.235551977,5.506185732,0.883650315,0.764550377,1.06430923,5.15735009,0.35359812,0.298767316,0.573002528,0.566552336,0.305847062,1.926265595,2.359559046,0.562980645,0.242082129,0,1.308768619,0,26.54115544,0.224234427,0.648098809,12.02872102,0.728490764,8.645581804,4.22371076,0.115218802,12.62433391,0.207579819,2.798750739
Lser-Def7,0.420684466,0,0.319624939,0,0,0,0,0,0.75771582,0.18796731,0,0,0,0,0,0,0,0,0.131460529,0,3.653080252,0.126252153,0.635751889,0.21364497,0,0,0,0,0,0,0,0,0,0,0.620623923,0,0,0,0,0,0.151573094,0,0.145980521,0,0.415561187,0,0,0,0,0,0,0,0.094425389,0,0,0,0,0,0,0,0,4.50251744,0,0,0.297005457,0,0.135087216,0,0.115218802,1.83626675,0,0
Lser-Def3a,43.75118449,53.9625552,59.45023871,119.1159223,29.47770807,46.27250251,65.24559701,37.3089825,100.7762041,33.83411584,78.51377407,63.87010625,35.11708391,50.26764702,42.56928216,48.67280132,47.97311306,54.7794333,65.73026455,31.18548721,105.1090818,60.22227702,162.010773,74.02798215,22.74674864,25.53097012,18.26940058,25.03385234,26.17662349,40.50187951,29.29576712,41.21413061,23.22645214,26.94213881,51.20147361,71.05229153,22.45827859,45.48361514,36.05995569,24.00830047,36.5291156,45.43599555,44.52405898,43.62416632,63.68475196,36.00875035,31.018901,28.61809262,56.4663715,14.49752293,12.54822727,11.80385207,16.99657009,13.96701582,22.70965754,27.69377196,14.91898709,16.09846158,21.05720777,37.83531098,24.95983759,66.3528886,16.92969926,40.05250637,85.38906898,66.43835766,71.4611371,52.98837136,37.21567312,77.00843684,30.92939297,79.76439607
Lser-Dipt2,3.575817963,3.423606221,5.913061377,12.57528799,3.095159348,4.012066692,8.862098807,7.941269368,7.12252871,3.007476964,9.236914597,15.33604246,3.025067153,3.635316118,2.890506814,2.949866746,8.097372586,5.123256352,4.732579048,3.95636778,6.475914993,3.661312439,6.463477537,8.118508865,6.124124633,5.642203342,6.462645103,3.624811198,8.809440599,7.417495376,8.061251354,4.003658402,5.446202571,5.051651027,6.982019129,4.492490979,5.499986594,8.485012803,4.451846381,5.735316223,7.730227783,5.920447905,3.649513031,7.140528502,6.025637216,5.412358181,6.771731908,4.966776405,0.925678221,2.121588721,2.390138527,2.635811627,3.11603785,1.325337268,1.926265595,4.470743455,2.251922579,3.147067677,1.73255507,2.736516203,4.906634741,6.042852354,3.251399195,2.592395235,5.494600961,7.722002097,4.592965333,4.991658171,5.184846101,4.016833516,4.255386281,3.689262338
Lser-Dipt3,0,0.163028868,0.15981247,0,0,1.872297789,1.027489717,0.749176356,3.182406445,0,0.637028593,2.886784463,0,0,0.656933367,0,2.444489837,0.788193285,1.314605291,1.97818389,2.988883843,0.252504306,3.814511334,3.845609462,0,0,0,0.2265507,0,0.235476044,0.196615887,0.235509318,0,0,0.310311961,0,0.114583054,0.09866294,0,0.133379447,1.061011656,0.27536967,0.437941564,2.008273641,1.97391564,0.220912579,1.201436306,0.236513162,0,0,0,0,0,0,0.1013824,0,0.281490322,0.484164258,0.266546934,0.475915861,0.106665973,0.829411107,0,0.518479047,3.267060031,1.019887069,0.810523294,1.151921116,0.460875209,0.918133375,0.103789909,0.763295656
Lser-Dipt1,7.572320392,4.564808295,7.511186074,10.65406343,4.863821832,11.10005118,8.348353949,11.08781006,47.73609667,10.52616937,16.88125771,12.81010606,3.682690447,4.387450488,3.678826854,4.156630415,31.9311485,10.5092438,10.91122392,8.727281867,36.69685163,6.438859807,17.80105289,8.86626626,4.520187229,4.654817758,4.474138918,5.437216797,5.28566436,7.299757354,6.979863977,5.769978285,5.286020143,3.78873827,5.895927264,9.576099191,4.010406891,8.189023985,6.232584933,5.601936776,11.06483585,7.297296255,8.028928668,8.479377596,12.36294532,4.860076734,10.70370527,4.848519824,4.231671869,2.475186841,2.888084054,4.927821737,3.682590187,2.854572577,7.198150379,7.57542641,7.17800322,4.236437258,5.730759076,4.997116545,4.05330696,22.5125872,3.139281981,3.75897309,30.74006483,13.2585319,14.45433208,5.759605582,13.94147507,10.90283383,10.58657075,20.22733489
Lser-Dipt4,1.682737865,0.652115471,2.876624454,0.69862711,1.179108323,12.03620008,1.412798361,1.648187982,90.92589842,1.691705792,25.16262942,5.05187281,0.657623294,0.250711456,0.919706713,0.536339408,24.90324022,5.385987447,16.56402667,11.05455703,53.96595827,5.933851194,60.2904708,2.136449701,0.145812491,0.141055084,0,0.11327535,1.384340666,2.237022415,3.53908596,0.588773294,0.320364857,0.210485459,2.947963632,5.91117234,0.114583054,1.282618214,0.222592319,0.400138341,5.60820447,2.7536967,12.70030535,5.578537892,57.13966326,1.435931762,14.19879271,2.010361878,1.190157713,0.47146416,1.792603896,0.229201011,1.321955452,0.611694124,5.474649584,3.477244909,3.096393546,0.847287452,0.533093868,1.54672655,0.639995836,57.46634102,0.448468854,2.073916188,59.10408601,24.18589336,26.74726871,9.343360167,6.567471727,12.96863392,4.981915646,49.35978577
Lser-Dipt5,0.841368932,0.815144338,5.433623968,0,0.884331242,6.68677782,0.899053502,2.247529067,43.49288808,2.443575033,15.60720053,3.067208492,0.131524659,0.501422913,0.131386673,0.536339408,15.88918394,3.415504235,6.967408043,6.981825494,38.19129355,5.302590429,23.94665448,2.350094671,0.145812491,0.423165251,0.37284491,0.11327535,0.629245757,1.412856262,2.35939064,1.05979193,0.480547286,1.262912757,2.947963632,5.792948894,0.229166108,0.690640577,0.222592319,0.666897235,8.03337397,2.340642195,7.153045541,4.351259556,23.16753619,1.435931762,10.70370527,1.300822392,4.231671869,0.5893302,1.294658369,0.687603033,1.416380841,1.121439227,6.387091182,4.719118091,2.111177418,0.363123194,0.932914268,1.903663446,0.106665973,25.23779513,0.112117214,0.77771857,43.65980223,10.34456885,16.75081474,9.087377696,9.678379388,9.755167111,9.133512018,25.69762043
Lser-Edin1,0.420684466,1.141202074,2.716811984,0,0.294777081,3.744595579,0.128436215,1.048846898,57.28331601,2.443575033,12.58131471,2.706360434,0.131524659,0.250711456,0,0.134084852,9.16683689,1.57638657,3.286513228,2.094547648,29.88883843,0.757512918,16.21167317,0.42728994,0.145812491,0,0.124281637,0.2265507,0.125849151,0.941904175,1.47461915,1.05979193,0.320364857,0,1.241247845,1.891575149,0.114583054,0.493314698,0.11129616,0.400138341,2.879888782,2.7536967,1.16784417,1.338849094,7.272320778,0.220912579,1.310657789,0.236513162,2.512555172,0.47146416,0.398356421,0.229201011,0.094425389,0.407796082,2.534559993,0.993498546,0.844470967,0,0.133273467,0.475915861,0.106665973,20.61679039,0,0.518479047,17.0778138,12.38434299,9.321017882,1.663886057,3.456564067,9.06656708,1.972008277,9.286763817
Lser-Edin2,0.420684466,2.11937528,6.072873847,0,0.884331242,8.559075609,1.155925931,1.198682169,50.61541679,2.819509653,19.90714353,3.067208492,0.131524659,0.626778641,1.051093387,0.804509113,7.180688897,4.72915971,2.760671111,5.818187911,32.87772227,4.671329664,34.11868471,2.029627216,0.145812491,0.141055084,0.248563273,0.4531014,0.503396606,2.354760437,3.440778017,1.530810565,0.320364857,1.473398216,2.32733971,3.783150298,0,1.775932912,0.11129616,0.666897235,1.818877125,2.891381535,8.758831274,6.69424547,19.5313758,1.656844341,6.116403013,1.06430923,2.24807568,0.47146416,1.394247474,0.687603033,1.038679283,0.611694124,4.258060788,1.614435136,3.377883868,0.363123194,0.266546934,1.189789654,0,37.91593634,0.336351641,2.592395235,40.68974765,9.178983624,22.82973945,4.607684466,4.14787688,19.73986757,6.746344104,29.89574653
Lser-Edin3,0.420684466,0.326057735,2.077562106,0,0.14738854,2.407240015,0.128436215,1.947858524,40.76511113,1.691705792,9.555428893,2.706360434,0,0.250711456,0.78832004,0.536339408,14.51415841,1.970483212,2.89213164,3.723640263,17.26910665,2.525043061,20.45001909,1.602337276,0.583249965,0,0,0,0,1.648332306,1.278003263,0.706527953,0.320364857,0,2.017027748,1.655128255,0.343749162,0.295988819,0,1.067035576,5.001912095,1.65221802,3.50353251,3.012410462,12.15516473,0.662737736,3.604308919,0.118256581,2.380315426,0.23573208,0.099589105,0.916804044,0.660977726,0.407796082,2.940089592,0.745123909,0.140745161,0.363123194,0.266546934,0.475915861,0,22.6310745,0,0.129619762,22.57241476,7.867700249,11.07715169,3.583754584,3.571782869,13.65723396,4.670545918,17.17415226
Lser-Edin6,0.420684466,1.793317545,3.675686802,0.174656778,2.358216646,12.43740674,0.899053502,1.498352711,74.55923671,5.263084686,33.60325827,5.412720868,0.526098635,0.877490098,1.18248006,0.670424261,20.77816362,3.67823533,5.652802752,8.610918109,34.7042624,4.797581817,39.62853441,3.525142007,1.020687439,0.564220334,0.124281637,0.2265507,0.629245757,2.943450546,5.112013054,2.472847836,0.640729714,1.473398216,4.034055497,3.310256511,0.229166108,2.26924761,0.11129616,1.200415023,5.911350657,3.442120875,10.94853909,6.805816228,20.98583996,1.104562894,6.007181531,1.182565811,2.90927441,1.060794361,1.294658369,0.916804044,0.472126947,1.019490206,4.663590387,1.986997091,2.955648385,0.363123194,0.533093868,0.832852757,0.746661808,37.44198714,0.336351641,2.073916188,43.36279677,15.15260789,22.69465223,6.527552993,6.221815321,17.10023411,7.057713832,30.91347408
Lser-Edin8,1.472395632,3.097548486,3.995311741,8.208868547,3.684713509,5.215686699,5.908065871,7.192093013,3.333949609,2.631542343,5.414743039,1.443392232,1.315246588,2.005691651,2.75912014,2.54761219,6.416785823,3.021407592,2.629210582,3.25818523,3.48703115,2.651295215,3.920469982,4.486544373,2.041374878,3.526377089,4.598420554,2.718608399,4.4047203,5.298210983,5.112013054,2.943866472,3.203648571,3.578252811,2.172183729,1.773351702,2.520827189,5.229135797,5.342215657,2.534209494,3.334608063,3.57980571,2.481668861,4.685971829,4.25950217,1.988213209,3.931973366,3.31118427,1.190157713,1.178660401,1.792603896,0.916804044,0.944253894,1.121439227,0.608294398,1.614435136,1.266706451,1.452492774,1.466008136,1.903663446,2.02665348,2.25125872,1.793875418,1.944296426,3.415562759,4.808039041,2.566657098,2.559824703,2.07393844,4.590666876,2.075798186,2.289886969
Lser-Edin4,0.631026699,5.869039237,2.077562106,0.174656778,0.294777081,9.094017835,0.128436215,0.299670542,34.5518414,1.503738482,6.848057373,2.706360434,0,0.125355728,0,0.670424261,7.486250127,1.05092438,3.286513228,1.512728857,16.27281203,1.262521531,13.66866561,0.534112425,0.291624983,0,0,0,0.503396606,0.941904175,5.01370511,2.237338519,1.121277,0.210485459,1.086091864,1.655128255,0,2.466573489,0,0.666897235,2.728315688,1.514533185,4.379415637,1.896702883,10.18124909,0.331368868,2.402872612,0.827796067,3.834952631,0.11786604,0.298767316,0.229201011,0.755403115,1.121439227,1.824883195,0.993498546,0.562980645,0.121041065,0.266546934,0.237957931,0,16.70670945,0.224234427,0.259239523,18.56284108,5.099435347,8.375407372,2.943798409,2.995688858,8.837033736,1.660638549,13.35767398
Lser-Edin7,0.631026699,2.771490751,10.86724794,0.349313555,0.884331242,12.03620008,0.899053502,3.146540693,104.41324,5.826986617,35.3550869,4.871448781,0.131524659,0.877490098,0.78832004,1.206763669,23.06987284,7.225105112,14.72357926,8.494554351,75.55234158,11.74145024,88.79334715,5.020656798,0.874874948,0.282110167,0,0.33982605,0.88094406,5.533687026,5.01370511,2.826111813,0.961094571,0.420970919,5.740771283,5.674725447,0.343749162,1.775932912,0,1.333794471,11.36798203,6.88424175,18.5395262,12.49592488,51.01013575,1.656844341,11.35903417,1.06430923,4.892870598,0.5893302,1.095480158,0.916804044,1.982933177,0.203898041,6.387091182,3.353057591,2.251922579,0.605205323,0.133273467,1.903663446,0.106665973,56.1629807,0.672703282,2.592395235,54.94600961,15.7354005,36.74372267,10.75126375,7.143565738,38.10253507,7.991823016,46.43381909
Lser-Edin5,0.210342233,0.815144338,4.155124211,0.174656778,0.442165621,6.68677782,0.770617288,0.899011627,36.97653203,3.947313515,9.873943189,0.902120145,0.131524659,0.250711456,1.445253407,0.134084852,9.16683689,1.839117665,4.075276402,3.607276505,31.71537855,2.272538755,19.17851532,1.602337276,0.145812491,0.141055084,0,0.4531014,0.755094909,2.119284393,2.752622414,1.413055906,0,0.631456378,1.551559806,2.95558617,0.458332216,1.282618214,0.11129616,0.933656129,4.244046626,1.10147868,5.693240328,3.570264251,10.07735879,1.546388052,3.604308919,1.06430923,3.305993647,0.35359812,0.398356421,0.802203539,0.377701558,0.509745103,3.44700159,2.732121,2.533412901,0.363123194,1.199461202,1.070810688,0,29.50333797,0.112117214,0.648098809,33.56161668,5.099435347,14.18415765,6.783535463,6.221815321,19.28080088,6.123604648,22.89886969
Lser-EdinL1,0.210342233,0.163028868,0.958874818,1.571910998,0.442165621,0.401206669,0.899053502,0,0.303086328,0.563901931,1.274057186,0.541272087,0.526098635,0.501422913,1.18248006,0.268169704,0.611122459,0.262731095,0.525842116,0.349091275,0.830245512,0.126252153,0.211917296,0.21364497,0.291624983,0.705275418,0.37284491,0.4531014,0.755094909,0.824166153,0.786463547,0.353263977,0,0.420970919,0,0.472893787,1.031247486,0.591977637,0.445184638,0.133379447,0.303146188,0.413054505,0.145980521,0.334712274,0.31167089,0.552281447,0.43688593,0.236513162,0.264479492,0.11786604,0.199178211,0.114600506,0.472126947,0.305847062,0.202764799,0.620936591,0.422235484,0.363123194,0.266546934,0.356936896,0.319997918,0.473949204,0.224234427,0.388859285,0.148502729,0.291396306,0.270174431,0.25598247,0,0.114766672,0,0.381647828
Lser-EdinL2,0,0,0,0,0,0,0,0,0,0,0,0,0,0,0,0,0,0,0,0,0,0,0,0,0,0,0,0,0,0,0,0,0,0,0,0,0,0,0,0,0,0,0,0,0,0,0,0,0,0,0,0,0,0,0,0,0,0,0,0,0,0,0,0,0,0,0,0,0,0,0,0
Lser-PRP2,1.893080098,8.47750112,5.753248908,0.523970333,1.326496863,11.63499341,1.541234575,2.097693795,130.0240347,4.511215445,41.88462998,8.119081302,0.263049318,0.250711456,1.9708001,0.536339408,18.33367378,8.40739504,14.4606582,8.960009384,67.58198467,13.63523253,138.9117877,2.456917156,1.603937404,0.705275418,0.621408183,0.56637675,1.132642363,6.004639114,5.210320997,4.592431696,0.961094571,1.052427297,10.70576266,2.364468936,0.343749162,1.381281154,0.333888479,1.600553365,9.852251095,7.021926585,14.30609108,10.71079275,33.03711439,0.994106605,8.956161555,1.300822392,14.67861179,1.414392481,1.294658369,2.979613143,1.416380841,1.325337268,6.99538558,2.856308318,3.940864513,0.726246387,0.533093868,1.189789654,0.426663891,68.60414732,0.112117214,4.795931184,67.56874154,25.06008228,32.15075733,8.703403991,3.456564067,46.02143543,5.812234921,56.99274233
Lser-PRP3,18.72045875,30.64942712,58.49136389,11.7020041,8.25375826,31.96279798,6.036502086,17.83039726,248.530789,11.46600592,93.96171745,45.46685529,4.208789083,5.390296313,17.86858757,15.6879277,57.75107241,33.23548352,41.93590879,24.32002547,108.0979656,41.1582019,224.4204168,30.97852067,13.56056169,8.745415181,3.604167462,3.284985148,3.52377624,49.80318324,42.8622633,17.78095349,15.85806043,6.735534703,27.46260857,21.51666732,4.124989945,6.413091072,1.669442393,9.736699635,34.55866538,38.27638413,42.18837064,48.31013814,91.7351321,21.09715128,25.55782688,4.966776405,65.72315371,15.55831729,5.377811687,50.88262444,15.48576386,4.485756906,28.28568952,9.189861546,20.68953869,6.052053226,2.398922404,12.73074929,7.573284056,112.3259614,5.942212322,31.23836258,157.5613951,80.13398402,78.21549788,45.69287095,24.54160488,106.0444048,29.16496451,136.8843543
Lser-PRP4,0.210342233,0.978173206,1.757937166,1.397254221,1.916051025,3.075917797,1.412798361,0.899011627,25.15616523,0.563901931,3.503657261,1.262968203,0.920672612,0.376067185,2.75912014,1.87718793,14.66693902,6.174180732,9.991000212,7.21455301,33.54191868,7.448877031,28.07904176,1.922804731,0.583249965,0.705275418,0.74568982,0.56637675,1.510189817,0.706428131,2.06446681,1.295301248,0.800912143,0.841941838,0,3.783150298,0.916664432,2.071921731,1.001665436,2.000691706,10.00382419,3.166751205,11.53246118,7.140528502,16.62244749,0.883650315,7.973168214,1.537335554,1.322397459,0.5893302,2.091371212,0.229201011,0.849828505,0.815592165,2.027647994,1.986997091,2.533412901,0.847287452,0.533093868,0.594894827,1.386657644,12.67814121,1.345406563,1.685056902,24.79995569,11.51015407,15.39994259,5.247640642,4.378314485,7.804133689,3.736436735,33.0761451
Lser-PRP1,1.472395632,3.912692824,4.155124211,0.174656778,0.294777081,8.960282278,1.66967079,2.547199609,116.8397795,6.954790478,46.18457298,6.134416984,0.394573977,0.752134369,1.839413427,2.011272782,19.5559187,9.064222777,21.29660572,13.14910468,64.42705172,17.80155358,107.7599452,7.157106499,0.583249965,0.705275418,0,0.9062028,0.755094909,3.296664611,5.112013054,2.355093177,0.320364857,0.841941838,6.361395206,4.019597191,0.114583054,2.466573489,0.222592319,2.134071153,13.94472463,5.5073934,15.91187681,8.479377596,34.28379795,1.215019183,11.03136972,2.24687504,8.727823229,1.296526441,2.190960317,0.916804044,1.227530062,1.019490206,4.764972786,2.732121,6.192787092,0.363123194,0.399820401,1.78468448,0.106665973,59.48062513,0.784820495,5.055170707,88.0621181,16.60958942,38.49985647,12.15916734,5.300064903,26.51110121,7.161503741,57.75603799
Lser-Stomox,1.051711166,0.652115471,1.757937166,2.619851664,0.884331242,0.267471113,0.899053502,0.149835271,0.151543164,0,1.274057186,0,3.025067153,0.877490098,1.708026753,0.804509113,1.986147993,1.313655475,1.314605291,1.047273824,0.830245512,1.388773684,2.119172963,0.854579881,0.874874948,0.423165251,0.37284491,0.2265507,1.887737271,1.648332306,0.491539717,0.824282612,1.121277,1.052427297,0.930935884,0.35467034,1.260413594,1.677269973,0.779073117,2.400830047,1.21258475,1.92758769,1.313824691,0.780995305,0.935012671,1.988213209,1.529100753,2.601644783,0.396719238,0.11786604,0.697123737,0.229201011,0.188850779,1.73313335,0.405529599,0.620936591,0.422235484,1.210410645,1.199461202,0.356936896,1.173325699,1.540334914,0.336351641,1.555437141,2.821551845,2.913963055,1.215784941,0.767947411,1.267406825,1.032900047,2.283378005,1.272159427